"","Month","Year","PREC","TMean","RH","PET"
"1",1,1950,64.5501112959869,-2.58436954063668,72.0703027177394,0
"2",2,1950,17.2,0.0999999999999996,70.2,0.0713675385576757
"3",3,1950,122.4,4.9,67,14.7718926355576
"4",4,1950,96.6,14.4,54.1,65.5541856943138
"5",5,1950,200.8,14.6,73.6,74.4246384859571
"6",6,1950,26.1,18.5,56.1,101.816484154297
"7",7,1950,8.3,22,43.2,130.326215084812
"8",8,1950,6.7,22,39,122.610542016211
"9",9,1950,6.3,21.1,47.5,102.204267872097
"10",10,1950,29.4,10.8,67.3,39.1798045406895
"11",11,1950,17.5,7.5,72.7,21.2905986197634
"12",12,1950,48.01,6.37468054303312,74.7266771107766,16.9208694792962
"13",1,1951,86.6,3,72.8,6.42710407557849
"14",2,1951,76.6,5.4,70.4,13.6518702911473
"15",3,1951,208.6,8.6,66.5,30.9884986845863
"16",4,1951,25.2,12.4,58.2,53.8354755947925
"17",5,1951,82.9,16.4,56.9,86.7395422715498
"18",6,1951,137.4,18.8,59.6,103.996646949654
"19",7,1951,58.2,22.2,51.2,131.888907792519
"20",8,1951,0,23.4,43.6,132.989213836286
"21",9,1951,3.2,19.8,44.7,93.992897857534
"22",10,1951,145.4,9.2,78,31.7209779664651
"23",11,1951,49.7,7.9,75.1,22.7986297802556
"24",12,1951,68.9,-1.5,81.7,0
"25",1,1952,46.1,2.6,75.9,5.3230668084522
"26",2,1952,76.4,4,67.6,9.19460096582408
"27",3,1952,54.3,5.2,64.9,15.9744615428728
"28",4,1952,64.1,11.9,55.3,50.9948376357921
"29",5,1952,141.4,14.5,60.9,73.7539797329263
"30",6,1952,84.4,17.7,60.6,96.0577243471226
"31",7,1952,22.3,21.7,53.7,127.990618586461
"32",8,1952,54.3,23.6,47.9,134.488304149544
"33",9,1952,3.4,22.3,43.3,109.928000687433
"34",10,1952,32.7,15.2,60.9,61.4528775531839
"35",11,1952,67.5,9.3,73.1,28.2638409459049
"36",12,1952,72.2,6.7,77.1,18.067291511398
"37",1,1953,156.4,3.7,75.9,8.47178811374809
"38",2,1953,56.3,3.6,68.5,8.00325892652391
"39",3,1953,62.3,0.0999999999999996,72.4,0.0877651683849001
"40",4,1953,31.8,11.1,62,46.5284923293586
"41",5,1953,72.5,14.3,66.8,72.417064017757
"42",6,1953,72.2,19.2,61.5,106.920713407052
"43",7,1953,0,22.9,44.9,137.393357781586
"44",8,1953,0.91812164814559,22.0933134978076,49.6244756023539,123.295953788045
"45",9,1953,16.3459608537849,17.1950578789183,51.0122830204677,78.0564909848737
"46",10,1953,20.6515966754704,13.088302736356,59.0882194660797,50.4643559200692
"47",11,1953,38.2922846083517,4.32925384625452,73.215079608127,10.3245332449473
"48",12,1953,30.5214567088184,-1.29717014725262,72.8006994696438,0
"49",1,1954,96.5400430032636,-0.30159314233952,74.4917065732749,0
"50",2,1954,67.9824807696699,3.31861672036811,76.4924338114079,7.18975914649214
"51",3,1954,49.5447452308301,8.77560064509976,70.0159687928232,31.8245551852493
"52",4,1954,54.5863203472756,8.97100591825829,67.7579954011302,35.1490445420524
"53",5,1954,40.2083286551356,14.9420932709326,64.2078245184321,76.7299016065926
"54",6,1954,20.8040523493119,20.7827681321013,62.9278304956068,118.678502068784
"55",7,1954,3.62314062570568,24.1023346080782,50.8574508159542,146.972441893995
"56",8,1954,11.927456407436,23.3492104329537,48.3121890468174,132.609168129113
"57",9,1954,8.66938070293812,18.2645909407259,52.7479597404135,84.5132261859085
"58",10,1954,15.1865353666267,13.8299945632358,61.6963516688207,54.2642435902486
"59",11,1954,43.8126263559206,8.60331820768122,74.154908799563,25.5088996828441
"60",12,1954,112.888832243387,2.75924867924471,80.3693149876993,5.61623692372678
"61",1,1955,50.6951215723476,5.58539639191974,78.2236848005998,14.5725929992523
"62",2,1955,44.9619061789796,7.90095826020092,64.3752472836389,22.536481823344
"63",3,1955,41.3056205840933,7.71032003766647,67.8862203176297,26.8371816565403
"64",4,1955,60.2206740839775,9.29721381302499,65.2334013823294,36.8420302297237
"65",5,1955,31.7088727768452,16.1761700068803,59.8435762774586,85.1837263971461
"66",6,1955,3.47619867068145,20.9168636439408,46.4176795298875,119.688072400019
"67",7,1955,18.4653452739289,21.4285217440855,49.5722921016664,125.885875664797
"68",8,1955,11.1490576123173,20.5711541035272,54.7272500223727,112.23197992423
"69",9,1955,21.6489607760097,17.3699375311587,58.0371892401797,79.1037474142557
"70",10,1955,36.6346097887009,14.7652029632731,62.9189800504782,59.1482089722957
"71",11,1955,85.2689195027567,8.45317765358084,71.9575656443597,24.9242092302887
"72",12,1955,50.7957441135252,4.45933516234834,77.2939222690019,10.568859576471
"73",1,1956,46.4452408724896,2.75055638687993,78.4242720758631,5.73271964803064
"74",2,1956,110.147584726941,2.3787910635583,75.5328379493543,4.63729084214496
"75",3,1956,40.4773363969801,2.4985415602715,68.5099676403827,6.08386224025129
"76",4,1956,14.4270344959907,12.278329737398,54.0263081383992,53.1408288740732
"77",5,1956,40.9900994919093,13.9186507519169,62.4173887899425,69.8843466262262
"78",6,1956,9.32152253804417,20.0209338033179,50.6521575945995,112.982282513214
"79",7,1956,1.6652133598837,22.1390908272441,44.3007545221179,131.412521523916
"80",8,1956,5.90529350963827,23.5049639187483,44.526968731223,133.775461411594
"81",9,1956,4.34388344937154,16.0053966006405,47.8644095877368,71.022999997981
"82",10,1956,7.68658418561057,10.7099172764663,51.6159879262233,38.749956896727
"83",11,1956,29.4041897051722,6.38935962445574,67.3021544772641,17.239089293128
"84",12,1956,47.6680689814815,1.13326666684385,79.5587713808226,1.73960453341123
"85",1,1957,26.6968666666667,-0.112599260142181,78.1047753959561,0
"86",2,1957,30.1571254901961,5.90546069147128,72.3657492588057,15.3593803202324
"87",3,1957,40.6304720588235,6.58942343771437,62.6505328104416,21.8212447916103
"88",4,1957,39.1534073529412,11.5119931013616,58.1071012022066,48.8163192080679
"89",5,1957,79.9360838235294,14.5589437266351,65.0696531568382,74.1491141768376
"90",6,1957,49.0333200980392,19.2309159571808,58.147755925448,107.147524571665
"91",7,1957,7.66138431372549,22.9631326385251,44.4781411072913,137.89245385484
"92",8,1957,2.44281699346405,23.3472733007211,44.3376247293624,132.594678235123
"93",9,1957,32.9293632352941,19.2787496355634,55.4947696883141,90.7475659430952
"94",10,1957,20.0362068627451,14.5978187034857,63.8888491936534,58.2666652984372
"95",11,1957,36.7116588235294,7.70919176869752,72.8307953519357,22.07617008594
"96",12,1957,55.7587794117647,4.09363500983116,73.1339569085666,9.44244210812535
"97",1,1958,90.9729361111111,2.88546288971679,77.7263737587331,6.10589296871688
"98",2,1958,27.6460740740741,6.27867182436682,65.6066155142105,16.6504629359665
"99",3,1958,85.1693800925926,7.91439751853413,67.0449454290712,27.7766402348546
"100",4,1958,42.3246097222222,11.0871028634678,62.4772412329221,46.4573022343506
"101",5,1958,41.6852861111111,16.2620837928515,62.8618767260718,85.7801010510233
"102",6,1958,51.6645967592593,19.4716053349458,62.6190799956753,108.917257936706
"103",7,1958,5.44203009259259,22.2309000879454,53.1122094122555,132.130743879916
"104",8,1958,2.59034351851852,22.8384823605721,47.3884948002264,128.80214827071
"105",9,1958,26.3559546296296,16.844151380197,59.088361435626,75.9653027635914
"106",10,1958,20.4442287037037,12.1233656554605,60.1139822662532,45.6224572397117
"107",11,1958,14.3497324074074,8.13699699980096,67.366573574017,23.7036985345731
"108",12,1958,40.9,4.61930931031602,76.3785084561712,11.071041819258
"109",1,1959,222.4,2.6,77.4,5.3230668084522
"110",2,1959,30.1,-4.10000000000001,72.5,0
"111",3,1959,16.5,5.2,75,15.9744615428728
"112",4,1959,0,11.1,68.2,46.5284923293586
"113",5,1959,0,15.6,69,81.2103269092841
"114",6,1959,49.5,18.9,65,104.725831445392
"115",7,1959,49.9,21.7,62.9,127.990618586461
"116",8,1959,0,20.6,61,112.439303559277
"117",9,1959,11.3,15.1,62.2,65.7795457195606
"118",10,1959,53.4,9.9,67.5,34.9375076004275
"119",11,1959,56.5,6.7,74.4,18.3513940299109
"120",12,1959,44.3,5.8,75.6,14.9410990420976
"121",1,1960,106.8,3.4,74.1723229329098,7.57893909289755
"122",2,1960,79.4,2.6,65.6,5.21345778861259
"123",3,1960,104.3,5.5,71.3,17.1992416529563
"124",4,1960,44.4,11.2,67.3,47.0813646931508
"125",5,1960,48.7,16.7,61.4,88.8353783214526
"126",6,1960,131.7,17.5,71.2,94.6307419172494
"127",7,1960,7.6,22.2,64.4,131.888907792519
"128",8,1960,0.8,21.2,65.2,116.772418204799
"129",9,1960,10.6,18.1,78.7,83.51159282775
"130",10,1960,17.7,16.1,74.7,66.2896544641375
"131",11,1960,24.3,9.8,78,30.2820707994559
"132",12,1960,51,6.3,75.6,16.6602706316194
"133",1,1961,25.5,1.5,76.6,2.5795053804014
"134",2,1961,255.7,0.6,75.7,0.755759809744975
"135",3,1961,138.1,4,75.6,11.3071813643309
"136",4,1961,21.6,12.4,75.6,53.8354755947925
"137",5,1961,64.5,16.4,62.2,86.7395422715498
"138",6,1961,45,19.3,69.1,107.654768999935
"139",7,1961,21.5,21.9,59,129.546553739433
"140",8,1961,0,22.4,54.2,125.555101604978
"141",9,1961,11,15,62.6,65.2063970058626
"142",10,1961,46.8,12.2,68.1,46.0026672983749
"143",11,1961,23,9.7,68.8,29.8757537781811
"144",12,1961,58.8,5.1,75.3,12.6128620098723
"145",1,1962,39.9,2,78.2,3.76781913156083
"146",2,1962,86.4,2.2,77.8,4.18380309355142
"147",3,1962,45.8,9.3,60.4,34.3526818235606
"148",4,1962,61.3,10.7,65.5,44.3328719903941
"149",5,1962,84.9,17,58.7,90.9431867487774
"150",6,1962,22.9,20.3,54.2,115.061017742469
"151",7,1962,1.2,23.5,47.7,142.15417436204
"152",8,1962,0.6,24.4,40.9,140.524771420882
"153",9,1962,44.9,19,50.9,89.0233932517343
"154",10,1962,86.1,13,72.3,50.0164153696192
"155",11,1962,17.7,12.4,68.8,41.2842870794096
"156",12,1962,128.5,6,77.1,15.6233502467341
"157",1,1963,117.9,3.7,73,8.47178811374809
"158",2,1963,103.2,5.8,68.3,14.9991465153148
"159",3,1963,79.8,3.7,67.2,10.203766267319
"160",4,1963,133.4,10.2,65.7,41.6248145862263
"161",5,1963,124.1,14,68.8,70.4228002560932
"162",6,1963,125.9,18.9,61.9,104.725831445392
"163",7,1963,79.5,22,53.7,130.326215084812
"164",8,1963,0,23.6,43.6,134.488304149544
"165",9,1963,9.1,18.9,53.4,88.4068012602025
"166",10,1963,68,13.9,65.9,54.6263046289315
"167",11,1963,25.3,9.3,68.6,28.2638409459049
"168",12,1963,42.6,4.3,69.2,10.0743298641195
"169",1,1964,13.3,-3.2,65.2,0
"170",2,1964,81.5,0.6,75.3,0.755759809744975
"171",3,1964,116.7,6.9,68.3,23.1858602670846
"172",4,1964,29.4,9.6,53.3,38.4304209342829
"173",5,1964,71.9,14,61.5,70.4228002560932
"174",6,1964,92.2,18,66.1,98.2077891007675
"175",7,1964,8.2,21.9,55,129.546553739433
"176",8,1964,6.7,21,54.2,115.323668782535
"177",9,1964,14.4,17.4,52.6,79.2841126552177
"178",10,1964,2.1,14.6,53.6,58.2781327652598
"179",11,1964,78.5,7.9,66.3,22.7986297802556
"180",12,1964,113.5,4.6,76.5,11.010130173809
"181",1,1965,93.3,1.4,74.2,2.35544324496214
"182",2,1965,146.4,1.4,71.1,2.30694153820952
"183",3,1965,28.1,7.5,60.7,25.8772033715339
"184",4,1965,68.9,10.4,60,42.7031017141683
"185",5,1965,48,14.8,57.8,75.7703234816204
"186",6,1965,26,21,53.8,120.315016644445
"187",7,1965,1.2,22.7,57.9,135.815137544399
"188",8,1965,6,23.1,58.5,130.748192930427
"189",9,1965,0,20.2,48.6,96.5017931836055
"190",10,1965,41.3,10.4,63.7,37.2799110836709
"191",11,1965,86.3,8.6,61.5,25.495942426621
"192",12,1965,129.7,5.3,72.4,13.2683306370373
"193",1,1966,157.8,3,73.4,6.42710407557849
"194",2,1966,7.7,6.9,61.5,18.8539235673447
"195",3,1966,109.7,6.8,62.8,22.7443080148887
"196",4,1966,71.6,12.5,56.2,54.4080224818365
"197",5,1966,53.1,15.1,59.3,77.7996691286045
"198",6,1966,16.7,20,55.8,112.826717316962
"199",7,1966,11.7,24.1,55.4,146.953692190057
"200",8,1966,15.1,24.4,47.2,140.524771420882
"201",9,1966,17.4,18.8,52.9,87.7912428262711
"202",10,1966,3.7,16.6,58.6,69.0143522843968
"203",11,1966,45.9,12.7,68.2,42.6048168498392
"204",12,1966,123,4.1,78.8,9.46178361268769
"205",1,1967,98,0.300000000000001,73.2,0.309699820645418
"206",2,1967,55.2,-0.699999999999999,75.6,0
"207",3,1967,63.7,4.4,71.4,12.8195152489526
"208",4,1967,109.1,10,64.7,40.5532108883051
"209",5,1967,94.9,14.5,66.8,73.7539797329263
"210",6,1967,18.6,17.7,58.9,96.0577243471226
"211",7,1967,33.5,20.7,54.3,120.279631685799
"212",8,1967,2.6,21.4,51.5,118.225507766647
"213",9,1967,23.7,17.4,57.4,79.2841126552177
"214",10,1967,27.9,12.3,64.4,46.499942072691
"215",11,1967,57,5.3,73.2,13.4769709940087
"216",12,1967,99.8,5.1,70,12.6128620098723
"217",1,1968,148.5,0.800000000000001,65.4,1.12712856747692
"218",2,1968,81.1,3,73.4,6.29476146116441
"219",3,1968,171.6,4.8,67.1,14.3761285866369
"220",4,1968,46.5,13.7,60.5,61.3898259609278
"221",5,1968,7.8,18.5,60.5,101.65689406934
"222",6,1968,28.4,18.6,61.3,102.541968800061
"223",7,1968,3.2,22,54.3,130.326215084812
"224",8,1968,18,20.9,55.6,114.600930414458
"225",9,1968,63.4,16.8,66.7,75.703158652839
"226",10,1968,50.6,11.5,71.8,42.5582991960567
"227",11,1968,60.2,7.9,76.6,22.7986297802556
"228",12,1968,113.5,4.9,71.2,11.9654949441604
"229",1,1969,121.5,0.699999999999999,74.3,0.945352440564467
"230",2,1969,57.3,4,70.3,9.19460096582408
"231",3,1969,88.5,6.8,70.3,22.7443080148887
"232",4,1969,103.9,7.5,63.4,27.7633352415198
"233",5,1969,91.2,16.6,59.9,88.135428768757
"234",6,1969,31.3,20.5,53.3,116.556388113936
"235",7,1969,9.2,20.4,50,117.989022596795
"236",8,1969,6.9,22.6,48.9,127.033664193819
"237",9,1969,33.6,18,55.7,82.9044407994289
"238",10,1969,18.6,11.5,65.6,42.5582991960567
"239",11,1969,84.9,7.2,66.1,20.1761253665941
"240",12,1969,84.9,6.4,68.8,17.009442626542
"241",1,1970,89.2,4.4,72.7,10.6435422044045
"242",2,1970,58.1,6.3,61.7,16.7249972364397
"243",3,1970,37.6,8.1,60.2,28.6377511542197
"244",4,1970,51.9,13.6,54.1,60.800327821472
"245",5,1970,22,15,51.3,77.12178697239
"246",6,1970,16.1,19.7,51.7,110.603018585867
"247",7,1970,4.3,23.8,48.6,144.549137574305
"248",8,1970,33.1,21.9,51.9,121.87703878293
"249",9,1970,35.5,17.5,54.1,79.8847913482184
"250",10,1970,59,11,61.8,40.1382042085075
"251",11,1970,54.4,7.8,69.7,22.4192999395143
"252",12,1970,41.3,1.5,71.7,2.51661267671135
"253",1,1971,10,5.3,65.4,13.5999196793
"254",2,1971,78,2.8,64.7,5.7479831114136
"255",3,1971,55.8,7,56.4,23.629446305131
"256",4,1971,114.8,9.7,62.1,38.9585367020537
"257",5,1971,94.2,15.6,60.9,81.2103269092841
"258",6,1971,21.3,19,56.9,105.456240283346
"259",7,1971,15,22.1,52.6,131.107000928307
"260",8,1971,44,20.7,55.6,113.158744193629
"261",9,1971,14.7,18.5,57.5,85.9508065527761
"262",10,1971,28.3,10,63.3,35.4030511926904
"263",11,1971,37.8,8,64.1,23.1794851928959
"264",12,1971,152.9,0.800000000000001,67.1,1.09964726677737
"265",1,1972,22.7,-4.90000000000001,70.6,0
"266",2,1972,57.5,-2.4,70.6,0
"267",3,1972,24.7,6.2,60,20.1388821891115
"268",4,1972,43.9,13.1,55.7,57.8735689105357
"269",5,1972,41.5,15.9,54.9,83.2734946717911
"270",6,1972,85.1,19.1,59.9,106.187869059094
"271",7,1972,61.1,22.9,52,137.393357781586
"272",8,1972,13.5,21.6,55.9,119.682909725317
"273",9,1972,10,18.6,56.1,86.5632416703611
"274",10,1972,75.5,12.9,65.3,49.5103010466828
"275",11,1972,27.5,6.2,66.8,16.5693661398797
"276",12,1972,8.3,0.199999999999999,65.7,0.177131422376029
"277",1,1973,15,-0.199999999999999,67.4,0
"278",2,1973,57.3,5.4,60.4,13.6518702911473
"279",3,1973,128.5,4.4,60.4,12.8195152489526
"280",4,1973,20.2,10.8,56.7,44.8793768495638
"281",5,1973,35.7,16.2,55.1,85.3490430234668
"282",6,1973,67.9,18.8,49,103.996646949654
"283",7,1973,21.2,23.2,45.3,139.768886008518
"284",8,1973,10,21.1,48.1,116.047499225084
"285",9,1973,0,19.3,50.8,90.8793335544251
"286",10,1973,25.7,13.1,55.4,50.5237656393384
"287",11,1973,38.9,5.2,60.8,13.1430682053642
"288",12,1973,46.4,3.4,73.7,7.39415174014532
"289",1,1974,49.8,-3.80000000000001,68.7,0
"290",2,1974,45.5,2.7,65.5,5.47915086708579
"291",3,1974,52.3,7.6,62.6,26.3325904122716
"292",4,1974,35.5,9.6,54.9,38.4304209342829
"293",5,1974,41,15.4,55.3,79.8418396829484
"294",6,1974,32,21.3,47.8,122.583896033063
"295",7,1974,9.1,22.5,40.1,134.241320129287
"296",8,1974,35,21.1,52.2,116.047499225084
"297",9,1974,25,17,48.4,76.8923772765027
"298",10,1974,16.3,17,49.6,71.2129641374221
"299",11,1974,28.6,7.7,64.1,22.0415090013632
"300",12,1974,71.3,1,70.4,1.4753365245899
"301",1,1975,39.9,-0.0999999999999996,69.6,0
"302",2,1975,115,1.1,68.6,1.67916101302351
"303",3,1975,40.7,8.1,52.6,28.6377511542197
"304",4,1975,72.7,12.7,55,55.5574708926989
"305",5,1975,79.9,14.8,61.3,75.7703234816204
"306",6,1975,84.1,19.3,53.3,107.654768999935
"307",7,1975,2.6,23.1,48.3,138.97595454352
"308",8,1975,24.6,22.1,49.3,123.345103174204
"309",9,1975,1.8,18,49.8,82.9044407994289
"310",10,1975,30.3,12.5,55.6,47.4983352248687
"311",11,1975,47.5,6.7,60.9,18.3513940299109
"312",12,1975,55,-0.800000000000001,74.4,0
"313",1,1976,105.1,-0.6,70,0
"314",2,1976,48.3,-1,68.2,0
"315",3,1976,52.1,6.3,66,20.5677851353506
"316",4,1976,85.5,10.8,58.9,44.8793768495638
"317",5,1976,85.6,15.1,62.8,77.7996691286045
"318",6,1976,39.1,18.7,58,103.268691239951
"319",7,1976,5.8,21.9,50.2,129.546553739433
"320",8,1976,6.9,20.6,52,112.439303559277
"321",9,1976,4.8,17.9,49.2,82.2983573473632
"322",10,1976,77.6,14.1,61.6,55.6638656470115
"323",11,1976,89.2,8.6,64.4,25.495942426621
"324",12,1976,109.4,3.1,67.6,6.54713041547461
"325",1,1977,44.2,1.3,65.2,2.13640222893118
"326",2,1977,25.6,7.7,54.4,21.7845863671002
"327",3,1977,111.2,5.6,58.2,17.6122908989342
"328",4,1977,172.4,10.2,58.4,41.6248145862263
"329",5,1977,16.9,16.2,53.7,85.3490430234668
"330",6,1977,60.1,19.7,53,110.603018585867
"331",7,1977,8.1,22.8,50,136.603698962915
"332",8,1977,0.1,23.6,47.9,134.488304149544
"333",9,1977,55.9,17.4,56.9,79.2841126552177
"334",10,1977,111.7,10.1,60.3,35.870073267848
"335",11,1977,4.6,10.7,53.8,33.9971179614355
"336",12,1977,100.3,0.6,68.5,0.752834980170841
"337",1,1978,105.3,2.4,70.1,4.79046462431218
"338",2,1978,77.7,6.5,52.3,17.4277953414765
"339",3,1978,162,6.9,59,23.1858602670846
"340",4,1978,57,10.7,54.1,44.3328719903941
"341",5,1978,12.1,16.5,46.3,87.4368149110811
"342",6,1978,24.5,19.7,45.7,110.603018585867
"343",7,1978,1.3,22.9,42.4,137.393357781586
"344",8,1978,0,20.8,42.3,113.879287686623
"345",9,1978,46.2,17.1,51.3,77.4886555011617
"346",10,1978,94.4,13.6,56.4,53.0788332476205
"347",11,1978,14.4,4.5,60.4,10.8641703927111
"348",12,1978,124.3,4,67.4,9.15901738426756
"349",1,1979,105.3,2.9,62.9,6.14644087411158
"350",2,1979,43.3,5.2,60.5,12.9898685444239
"351",3,1979,24.5,8.5,55.2,30.5147926563996
"352",4,1979,109.9,10.8,56.2,44.8793768495638
"353",5,1979,72,15.1,58.6,77.7996691286045
"354",6,1979,83.6,19.5,50.5,109.126496799635
"355",7,1979,7.1,21.4,47.9,125.665238080996
"356",8,1979,12.6,23.4,50.1,132.989213836286
"357",9,1979,2.1,18.7,50.7,87.1767217012948
"358",10,1979,71.4,13.3,64,51.5421482969392
"359",11,1979,70.2,8,68.2,23.1794851928959
"360",12,1979,47.1,3.5,67.9,7.68190931117276
"361",1,1980,144.9,-0.699999999999999,67.7,0
"362",2,1980,34.7,1.4,69.3,2.30694153820952
"363",3,1980,65.3,5.2,59.1,15.9744615428728
"364",4,1980,65.7,10,57.6,40.5532108883051
"365",5,1980,49.2,15.4,53.3,79.8418396829484
"366",6,1980,48.5,19.9,48.1,112.084301065993
"367",7,1980,0.1,24.6,44.3,150.982376304527
"368",8,1980,0.2,22.7,45.4,127.774505056317
"369",9,1980,9.7,16.8,52.5,75.703158652839
"370",10,1980,40.7,14.4,56.5,57.2289626689021
"371",11,1980,54.3,8.4,62,24.7179055910872
"372",12,1980,57.2,3.3,63.2,7.10906556324546
"373",1,1981,132.2,2.7,67.2,5.59434588360753
"374",2,1981,43.6,1.9,66.6,3.44916779874464
"375",3,1981,40.9,8,58,28.173010214341
"376",4,1981,46.9,10.2,48.6,41.6248145862263
"377",5,1981,46.3,13,52.1,63.873934452244
"378",6,1981,39.3,19.8,48.6,111.343066797771
"379",7,1981,25.2,22.4,44.8,133.456070805089
"380",8,1981,0.2,21.3,44.9,117.498422212473
"381",9,1981,0.9,19,44.9,89.0233932517343
"382",10,1981,30.5,15.3,52.5,61.9859190230742
"383",11,1981,55.8,5.5,62.5,14.1507621724001
"384",12,1981,92.7,7.8,57.3,22.0722211527077
"385",1,1982,44.2,3.1,66.5,6.71074984608902
"386",2,1982,16.2,0.800000000000001,61.5,1.10391949234034
"387",3,1982,55.1,5.3,55.4,16.3802965558938
"388",4,1982,68,11.3,54.7,47.6358044855366
"389",5,1982,62.9,15,55.1,77.12178697239
"390",6,1982,48.4,19,49.9,105.456240283346
"391",7,1982,54.4,19.7,48.6,112.685896711781
"392",8,1982,51.1,20.9,50,114.600930414458
"393",9,1982,8.2,17.8,53.7,81.6933465448471
"394",10,1982,38.7,11.7,56.6,43.5358015282565
"395",11,1982,24.4,4.8,56.5,11.828031764085
"396",12,1982,37,3.6,59.2,7.9722859003112
"397",1,1983,91.3,-3.2,68.5,0
"398",2,1983,84.6,1.3,59.5,2.09241086779994
"399",3,1983,94.7,6.2,61.5,20.1388821891115
"400",4,1983,54.9,12.1,54.8,52.1266405273738
"401",5,1983,29.4,16,54.7,83.9639763588788
"402",6,1983,38.4,18.6,49.1,102.541968800061
"403",7,1983,16.3,22.1,49.3,131.107000928307
"404",8,1983,9.9,20.4,46.2,111.00374551
"405",9,1983,18.7,17.9,46,82.2983573473632
"406",10,1983,19.7,10.9,57.5,39.6583073852587
"407",11,1983,117.1,7.8,69.1,22.4192999395143
"408",12,1983,72.3,4.3,76.9,10.0743298641195
"409",1,1984,53.7,3.5,75,7.87388801753163
"410",2,1984,46.9,4.7,68.4,11.3704581951555
"411",3,1984,107,6.3,67.8,20.5677851353506
"412",4,1984,129.6,8.6,68.3,33.2471815156804
"413",5,1984,32.7,16.6,59.4,88.135428768757
"414",6,1984,19.6,19.8,55.3,111.343066797771
"415",7,1984,30.4,21.3,54.7,124.892398268365
"416",8,1984,22.6,19.6,55.8,105.306373338831
"417",9,1984,0.2,19.6,49.6,92.7444439667383
"418",10,1984,0.9,12.9,56.2,49.5103010466828
"419",11,1984,35.7,7,70.2,19.4412452407129
"420",12,1984,11.4,-1.9,75.6,0
"421",1,1985,104.8,4.4,71.7,10.6435422044045
"422",2,1985,74,-2,69.3,0
"423",3,1985,30.7,4.2,67.2,12.0576379992464
"424",4,1985,29.6,13,54.9,57.2924132815992
"425",5,1985,27.3,17.7,57.4,95.9071607078784
"426",6,1985,40,20,51.8,112.826717316962
"427",7,1985,0.8,21.1,48.5,123.350171162796
"428",8,1985,1.7,23.9,47.1,136.744495399732
"429",9,1985,0.9,17.8,52.7,81.6933465448471
"430",10,1985,126.8,9.9,66.6,34.9375076004275
"431",11,1985,68.8,8.9,73.3,26.6737671617586
"432",12,1985,76.2,2.7,77.4,5.45794626968519
"433",1,1986,59.2,4.5,67.6,10.9632828317865
"434",2,1986,56.9,4.4,69.9,10.4243775253525
"435",3,1986,8.3,7.7,62.2,26.7898813570377
"436",4,1986,26.6,13.2,50.5,58.4561328925563
"437",5,1986,32.5,12.6,61,61.2981364689244
"438",6,1986,29,19.3,52.6,107.654768999935
"439",7,1986,0.9,23.7,45.3,143.749746707423
"440",8,1986,1.9,24.9,42.6,144.329690929258
"441",9,1986,13.7,19.6,55.9,92.7444439667383
"442",10,1986,3.8,12.6,60.7,47.9994395414234
"443",11,1986,28.7,3.6,73.4,8.09764760719205
"444",12,1986,109.8,1.7,71.3,2.96762802856782
"445",1,1987,89.1,3.9,69.2,9.08002830937571
"446",2,1987,45.1,4.5,68.6,10.7375342682877
"447",3,1987,33.6,0.699999999999999,69,1.13862093978786
"448",4,1987,116.2,8.8,61,34.2692654856086
"449",5,1987,24.9,15.4,54.8,79.8418396829484
"450",6,1987,41.3,19.3,53.9,107.654768999935
"451",7,1987,57.3,23,51.7,138.184110725448
"452",8,1987,4.6,21.3,47.1,117.498422212473
"453",9,1987,0,20,43.7,95.2453567282767
"454",10,1987,41.4,11.2,67.6,41.1021452541513
"455",11,1987,101.2,6.1,77.4,16.2182842275085
"456",12,1987,86.4,2.7,77.8,5.45794626968519
"457",1,1988,11.8,2.3,74.5,4.52932638615905
"458",2,1988,97.3,2.6,72.5,5.21345778861259
"459",3,1988,67.6,4.9,64.5,14.7718926355576
"460",4,1988,74.9,11.3,65.8,47.6358044855366
"461",5,1988,59.2,16.2,56.3,85.3490430234668
"462",6,1988,35.8,19.6,57.2,109.864160538625
"463",7,1988,29.7,23.1,49.7,138.97595454352
"464",8,1988,23.3,22.3,48.4,124.817386203035
"465",9,1988,22,18.4,52.2,85.3394202025606
"466",10,1988,73.7,11.5,70.7,42.5582991960567
"467",11,1988,115.8,4.3,70.6,10.2327455560852
"468",12,1988,38.2,4.4,71.6,10.3840346448699
"469",1,1989,41.6,-4.60000000000001,78.8,0
"470",2,1989,15.4,-0.9,72.6,0
"471",3,1989,23.5,8.5,61.3,30.5147926563996
"472",4,1989,26.7,16.3,48.2,77.1777482477075
"473",5,1989,49.2,15.6,58,81.2103269092841
"474",6,1989,20.5,19.6,51.1,109.864160538625
"475",7,1989,5,22.8,50.9,136.603698962915
"476",8,1989,0.3,24.1,47,138.253626401878
"477",9,1989,0,18.8,56.2,87.7912428262711
"478",10,1989,105.2,10.6,73.3,38.227016133782
"479",11,1989,148.9,7,73.9,19.4412452407129
"480",12,1989,37.9,1.6,79.2,2.73988474057914
"481",1,1990,21.4,-2.9,77.6,0
"482",2,1990,43.4,1,75.6,1.48106833569403
"483",3,1990,14.6,6.6,58.1,21.8673868958652
"484",4,1990,51.5,10.9,60.1,45.4274885549887
"485",5,1990,63.8,13.8,63.6,69.1007815109081
"486",6,1990,49.2,19,54.2,105.456240283346
"487",7,1990,19.5,23.4,51.6,141.35799908703
"488",8,1990,37,21.9,50.5,121.87703878293
"489",9,1990,21,18,56.7,82.9044407994289
"490",10,1990,30.3,13.3,63.1,51.5421482969392
"491",11,1990,42.4,9.7,68.3,29.8757537781811
"492",12,1990,58.7,3.9,76,8.85864186285087
"493",1,1991,42.5,-0.800000000000001,82.1,0
"494",2,1991,48.8,-0.300000000000001,79.2,0
"495",3,1991,7.7,8.2,70.2,29.1043149261859
"496",4,1991,67.2,11,67.9,45.9771970242365
"497",5,1991,66.5,14.2,62.8,71.7508210173088
"498",6,1991,19.3,20.3,59,115.061017742469
"499",7,1991,13.3,23.5,53.9,142.15417436204
"500",8,1991,5,22.8,54.5,128.516381453744
"501",9,1991,13.8,18.6,53.8,86.5632416703611
"502",10,1991,86.7,13.5,68.7,52.5653983886771
"503",11,1991,79.5,6.7,77.3,18.3513940299109
"504",12,1991,160.6,-1.8,82,0
"505",1,1992,5.9,-4.70000000000001,79.8,0
"506",2,1992,28.6,-4.00000000000001,73.9,0
"507",3,1992,30,3.5,69.1,9.48363106668768
"508",4,1992,39.9,11.5,56.4,48.7493485505455
"509",5,1992,118,14.7,58.7,75.0967553293027
"510",6,1992,96.8,19,61.9,105.456240283346
"511",7,1992,27.8,19.8,59.7,113.439881525529
"512",8,1992,8.5,22.5,49.9,126.293861993248
"513",9,1992,5.2,16.5,53,73.9277432466811
"514",10,1992,25.2,16.5,53.5,68.4673034578585
"515",11,1992,51.4,5.7,68.3,14.8323685655752
"516",12,1992,42.1,-1,74.7,0
"517",1,1993,47.6,-4.60000000000001,80,0
"518",2,1993,57,-0.6,71.5,0
"519",3,1993,18.7,5.8,60.3,18.4453975315758
"520",4,1993,41.4,11.1,54,46.5284923293586
"521",5,1993,84.9,14.4,68.3,73.0847859301757
"522",6,1993,28.2,19.4,54.5,108.390031548222
"523",7,1993,0,22.4,47.9,133.456070805089
"524",8,1993,0.4,23.2,49,131.494180655474
"525",9,1993,0,19.2,49.1,90.2596630679913
"526",10,1993,9.9,14.6,56.2,58.2781327652598
"527",11,1993,60.3,4.9,70.5,12.153648616599
"528",12,1993,36.9,4.9,76.4,11.9654949441604
"529",1,1994,53.1,4.3,76.3,10.3260975870127
"530",2,1994,37.2,3,72.8,6.29476146116441
"531",3,1994,98.9,6.3,67.3,20.5677851353506
"532",4,1994,39.9,13.8,56.1,61.9806900319314
"533",5,1994,19.9,17.2,54.3,92.3549720514172
"534",6,1994,5.6,20.4,46.6,115.808121867989
"535",7,1994,15,23.4,47.9,141.35799908703
"536",8,1994,21.2,23.1,46.9,130.748192930427
"537",9,1994,4.7,22.1,45.5,108.631345351756
"538",10,1994,63.7,15.5,66.1,63.0553145060363
"539",11,1994,108,5.3,72.2,13.4769709940087
"540",12,1994,66.2,0.699999999999999,75.9,0.922303149262803
"541",1,1995,31.1,3.7,70.1,8.47178811374809
"542",2,1995,44.5,5,68.1,12.3358926482524
"543",3,1995,72.6,6.4,66.5,20.9988522365788
"544",4,1995,98.9,9.2,66.7,36.3354983743021
"545",5,1995,88.4,17,58.8,90.9431867487774
"546",6,1995,21.7,21.4,54.8,123.342450729388
"547",7,1995,64.4,20.9,58.7,121.812572234934
"548",8,1995,11.4,22.9,52.1,129.259290282195
"549",9,1995,23.4,19.4,53.3,91.500022920968
"550",10,1995,37.9,10.9,64.7,39.6583073852587
"551",11,1995,141.1,2.2,73.3,4.23314594973052
"552",12,1995,40.1,2,78.9,3.67595332891534
"553",1,1996,49.6,-0.0999999999999996,81.8,0
"554",2,1996,58.4,4.3,72.8,10.1134695145107
"555",3,1996,141.5,3,78.1,7.741065626572
"556",4,1996,53.2,8.8,65,34.2692654856086
"557",5,1996,30.7,17.8,59.8,96.6214537007293
"558",6,1996,49.3,19.4,55.5,108.390031548222
"559",7,1996,23.8,24,53.1,146.151113352124
"560",8,1996,18.8,22.7,54.3,127.774505056317
"561",9,1996,23.2,18,57.3,82.9044407994289
"562",10,1996,63.1,11.5,68.5,42.5582991960567
"563",11,1996,7.1,8.8,66.4,26.2797380106217
"564",12,1996,79.8,6.9,76.5,18.7809579074523
"565",1,1997,66.1,2.7,72.9,5.59434588360753
"566",2,1997,67.5,0.6,71.3,0.755759809744975
"567",3,1997,23.9,3.3,64.2,8.77643204309341
"568",4,1997,80.7,7.4,63.1,27.2768172881127
"569",5,1997,25.6,17.4,58.6,93.7719721876508
"570",6,1997,120.1,19.7,62.3,110.603018585867
"571",7,1997,0.9,22.4,56,133.456070805089
"572",8,1997,30.3,20.3,56.9,110.287635492145
"573",9,1997,19.5,15.7,57.6,69.2435509377736
"574",10,1997,73,12.7,71.4,48.501806467755
"575",11,1997,29.9,7.1,76.4,19.8078648186005
"576",12,1997,52.5,4.3,76.9,10.0743298641195
"577",1,1998,24.9,1.6,77.6,2.80835723963661
"578",2,1998,17.3,3.6,68.4,8.00325892652391
"579",3,1998,185.3,3.3,67.8,8.77643204309341
"580",4,1998,70,13.4,62.6,59.6254568272134
"581",5,1998,63.3,15.7,68.9,81.896663975387
"582",6,1998,25.9,19.8,62.6,111.343066797771
"583",7,1998,1.4,24.4,50,149.367756505965
"584",8,1998,0,24.8,47.9,143.566751990089
"585",9,1998,15.6,19.3,56.9,90.8793335544251
"586",10,1998,44.6,14.8,59.4,59.3318699473663
"587",11,1998,34.6,9.4,76.5,28.664796694353
"588",12,1998,111.8,4.1,81.6,9.46178361268769
"589",1,1999,75.3,3.6,78.2,8.17152141219609
"590",2,1999,71.2,3.7,72.2,8.29734273764227
"591",3,1999,37.8,6.8,67.4,22.7443080148887
"592",4,1999,26.1,12,61.6,51.5599914378641
"593",5,1999,11.6,17.4,52.6,93.7719721876508
"594",6,1999,37.2,19.5,60.8,109.126496799635
"595",7,1999,28.2,23.9,49.3,145.34959413827
"596",8,1999,19.4,23.5,50.2,133.738253328803
"597",9,1999,27.5,19,56.4,89.0233932517343
"598",10,1999,32.6,14.3,65.5,56.7061037467247
"599",11,1999,31.3,7.6,62.9,21.6652705872779
"600",12,1999,19,5.6,68.2,14.2662678984686
"601",1,2000,96.7,-3.5,77.2,0
"602",2,2000,82.6,-0.199999999999999,76.1,0
"603",3,2000,80.3,4.9,64.8,14.7718926355576
"604",4,2000,40,13.4,60,59.6254568272134
"605",5,2000,74.6,15.1,66.7,77.7996691286045
"606",6,2000,62.5,19.5,58.6,109.126496799635
"607",7,2000,0,25.5,41.5,158.299410908241
"608",8,2000,3.5,22.7,47,127.774505056317
"609",9,2000,9,19,51.4,89.0233932517343
"610",10,2000,53.8,11.7,66.7,43.5358015282565
"611",11,2000,3.6,9.1,63.8,27.4660337034141
"612",12,2000,47.2,3.1,74.6,6.54713041547461
"613",1,2001,9,3.9,75.7,9.08002830937571
"614",2,2001,38.3,4,66.6,9.19460096582408
"615",3,2001,29,12.4,55.5,50.1781049881324
"616",4,2001,37.3,12.5,57.4,54.4080224818365
"617",5,2001,78.1,15.2,60.5,78.4789762266349
"618",6,2001,3.3,22,43.8,127.917274564707
"619",7,2001,5.1,25.8,42.3,160.756821844963
"620",8,2001,7.1,24.3,45.7,139.76673368215
"621",9,2001,11.6,20.8,46.8,100.294700889956
"622",10,2001,0.7,13,50.6,50.0164153696192
"623",11,2001,86.3,7.4,66.2,20.9175073331009
"624",12,2001,298.3,2.9,77.6,5.99658025060564
"625",1,2002,67.1,-4.70000000000001,82.5,0
"626",2,2002,22.9,4.6,68.8,11.0529054900411
"627",3,2002,89.9,8.9,61.2,32.4200606031359
"628",4,2002,89.4,10.3,68.8,42.163128292258
"629",5,2002,30,16.1,55,84.6558277480262
"630",6,2002,10.8,20.2,54.3,114.31507964392
"631",7,2002,24.9,24.1,50.5,146.953692190057
"632",8,2002,12,22.1,53,123.345103174204
"633",9,2002,78.2,17.7,65.9,81.089412503653
"634",10,2002,3.8,13.8,63.2,54.109292312327
"635",11,2002,29.4,8.2,67.4,23.9457208068416
"636",12,2002,61,-0.800000000000001,73.3,0
"637",1,2003,22.4,6.3,66.6,17.0766276951941
"638",2,2003,146.4,-1.2,71.4,0
"639",3,2003,65,2.5,66.7,6.08853993377599
"640",4,2003,91.8,9.7,63.7,38.9585367020537
"641",5,2003,45.7,17.3,57.8,93.0628228472544
"642",6,2003,12.2,20.3,54.2,115.061017742469
"643",7,2003,0,22.9,50.4,137.393357781586
"644",8,2003,14.1,23.2,49.9,131.494180655474
"645",9,2003,38.2,17.7,57.4,81.089412503653
"646",10,2003,58.9,14.8,58.3,59.3318699473663
"647",11,2003,29.1,7.5,70.9,21.2905986197634
"648",12,2003,101.6,1.3,81.4,2.08431312945971
"649",1,2004,36.7,1,72.9,1.5122066809484
"650",2,2004,76.8,2.9,64.1,6.01987748801171
"651",3,2004,33.6,7.3,56,24.9722105978105
"652",4,2004,62.2,11.3,56.5,47.6358044855366
"653",5,2004,21.5,15.4,56.1,79.8418396829484
"654",6,2004,33,19.9,54,112.084301065993
"655",7,2004,30.6,23.2,45.4,139.768886008518
"656",8,2004,0.2,22.8,49.7,128.516381453744
"657",9,2004,0.4,19.2,47.3,90.2596630679913
"658",10,2004,12.2,15.1,56.4,60.9209468639288
"659",11,2004,62.8,7.3,64.5,20.5460112846294
"660",12,2004,22.3,2.7,72.1,5.45794626968519
"661",1,2005,25.8,4,68.3,9.38791051977917
"662",2,2005,41.3,3.1,60.7,6.57256658830035
"663",3,2005,67.6,7.1,61.7,24.075046240878
"664",4,2005,108.2,11,59.3,45.9771970242365
"665",5,2005,42.3,16,57.3,83.9639763588788
"666",6,2005,25.3,19.7,53,110.603018585867
"667",7,2005,14,24.3,49.7,148.562016740397
"668",8,2005,1.6,24.6,50.7,142.043801253237
"669",9,2005,16.8,18.2,54,84.1198093969388
"670",10,2005,24.3,10.8,61.1,39.1798045406895
"671",11,2005,87.5,6.2,68,16.5693661398797
"672",12,2005,30.6,4.2,66.2,9.76690056433334
"673",1,2006,65.6,-1.7,73.4,0
"674",2,2006,46.3,1.9,68.4,3.44916779874464
"675",3,2006,68.5,7.8,61.1,27.2490592840211
"676",4,2006,30.4,12.4,56.9,53.8354755947925
"677",5,2006,49.9,15.8,59,82.5843885640262
"678",6,2006,41.1,20.6,54.1,117.305812605859
"679",7,2006,56.2,22.5,49.8,134.241320129287
"680",8,2006,4.4,26.3,46.3,155.111725555551
"681",9,2006,45.2,18.3,57.5,84.7290865089556
"682",10,2006,114.7,13.6,69.2,53.0788332476205
"683",11,2006,60.5,5.9,68.6,15.5216017782385
"684",12,2006,5.7,1.5,69.6,2.51661267671135
"685",1,2007,61.8,0,75.4,0
"686",2,2007,67.5,1.8,75.2,3.21209198092156
"687",3,2007,44.2,7,64,23.629446305131
"688",4,2007,19.1,9,58.9,35.2987419734039
"689",5,2007,4.4,19.2,49.7,106.753122806394
"690",6,2007,9.1,22,51.4,127.917274564707
"691",7,2007,3.7,25.4,39.8,157.482303614838
"692",8,2007,9.5,25.2,44.6,146.624329979389
"693",9,2007,18,19.7,44.1,93.368168559234
"694",10,2007,18,14.3,53.9,56.7061037467247
"695",11,2007,129.6,8.2,61.3,23.9457208068416
"696",12,2007,101.6,2,74.1,3.67595332891534
"697",1,2008,9.6,-1.7,72.6,0
"698",2,2008,51.7,-0.4,70.4,0
"699",3,2008,44.9,10.3,56.3,39.2987310821058
"700",4,2008,26.7,13.4,56.1,59.6254568272134
"701",5,2008,37,15.2,56.8,78.4789762266349
"702",6,2008,15.4,21.6,50.7,124.862930807469
"703",7,2008,1.1,24.4,47.8,149.367756505965
"704",8,2008,0.3,25.4,48.6,148.158914855397
"705",9,2008,59.8,19.2,60.7,90.2596630679913
"706",10,2008,49.7,12.4,68.7,46.9985004076439
"707",11,2008,42.4,8.9,70,26.6737671617586
"708",12,2008,55.6,2.5,74.3,4.93182529769757
"709",1,2009,62.9,3.5,69.8,7.87388801753163
"710",2,2009,99.3,4.2,70.7,9.80484582507521
"711",3,2009,76.7,5.6,61.5,17.6122908989342
"712",4,2009,69.1,10.7,63.6,44.3328719903941
"713",5,2009,67.9,15.5,59.7,80.5253834338279
"714",6,2009,29.5,21.2,50.5,121.826469693879
"715",7,2009,4.6,23.3,52.8,140.562901916587
"716",8,2009,0.5,22.5,46.9,126.293861993248
"717",9,2009,18.4,17.6,54.9,80.486559374614
"718",10,2009,10.5,16.4,53.7,67.9213048707393
"719",11,2009,116.3,7.6,71.8,21.6652705872779
"720",12,2009,81.6,6.1,72.4,15.9672049150878
"721",1,2010,79.6,4.6,68.5,11.2852844957347
"722",2,2010,52.7,7.3,61.1,20.3065206334893
"723",3,2010,58.6,9,57.2,32.9006841886577
"724",4,2010,63.5,11.3,61.8,47.6358044855366
"725",5,2010,7.6,17.2,52.3,92.3549720514172
"726",6,2010,59.3,19.7,58.2,110.603018585867
"727",7,2010,5.5,24.7,51.1,151.791250512719
"728",8,2010,1.9,26.4,43.8,155.888975449064
"729",9,2010,0.7,21.1,51,102.204267872097
"730",10,2010,71.3,12.8,66,49.0054292057232
"731",11,2010,4.8,12,54.6,39.5393086958924
"732",12,2010,125.3,7.1,64.7,19.5012143117151
